column,pclass,count,name,sex,ticket,cabin,embarked,age_bin,title,deck,ticket_prefix
pclass,3.0,491,,,,,,,,,
pclass,1.0,216,,,,,,,,,
pclass,2.0,184,,,,,,,,,
name,,1,"Braund, Mr. Owen Harris",,,,,,,,
name,,1,"Boulos, Mr. Hanna",,,,,,,,
name,,1,"Frolicher-Stehli, Mr. Maxmillian",,,,,,,,
name,,1,"Gilinski, Mr. Eliezer",,,,,,,,
name,,1,"Murdlin, Mr. Joseph",,,,,,,,
name,,1,"Rintamaki, Mr. Matti",,,,,,,,
name,,1,"Stephenson, Mrs. Walter Bertram (Martha Eustis)",,,,,,,,
name,,1,"Elsbury, Mr. William James",,,,,,,,
name,,1,"Bourke, Miss. Mary",,,,,,,,
name,,1,"Chapman, Mr. John Henry",,,,,,,,
sex,,577,,male,,,,,,,
sex,,314,,female,,,,,,,
ticket,,7,,,347082,,,,,,
ticket,,7,,,CA. 2343,,,,,,
ticket,,7,,,1601,,,,,,
ticket,,6,,,3101295,,,,,,
ticket,,6,,,CA 2144,,,,,,
ticket,,6,,,347088,,,,,,
ticket,,5,,,S.O.C. 14879,,,,,,
ticket,,5,,,382652,,,,,,
ticket,,4,,,LINE,,,,,,
ticket,,4,,,PC 17757,,,,,,
cabin,,687,,,,,,,,,
cabin,,4,,,,C23 C25 C27,,,,,
cabin,,4,,,,G6,,,,,
cabin,,4,,,,B96 B98,,,,,
cabin,,3,,,,C22 C26,,,,,
cabin,,3,,,,D,,,,,
cabin,,3,,,,F33,,,,,
cabin,,3,,,,E101,,,,,
cabin,,3,,,,F2,,,,,
cabin,,2,,,,B20,,,,,
embarked,,644,,,,,S,,,,
embarked,,168,,,,,C,,,,
embarked,,77,,,,,Q,,,,
embarked,,2,,,,,,,,,
age_bin,,425,,,,,,19-40,,,
age_bin,,177,,,,,,,,,
age_bin,,128,,,,,,41-60,,,
age_bin,,70,,,,,,13-18,,,
age_bin,,69,,,,,,0-12,,,
age_bin,,22,,,,,,60+,,,
title,,517,,,,,,,Mr,,
title,,182,,,,,,,Miss,,
title,,125,,,,,,,Mrs,,
title,,40,,,,,,,Master,,
title,,7,,,,,,,Dr,,
title,,6,,,,,,,Rev,,
title,,2,,,,,,,Mlle,,
title,,2,,,,,,,Major,,
title,,2,,,,,,,Col,,
title,,1,,,,,,,the Countess,,
deck,,687,,,,,,,,,
deck,,59,,,,,,,,C,
deck,,47,,,,,,,,B,
deck,,33,,,,,,,,D,
deck,,32,,,,,,,,E,
deck,,15,,,,,,,,A,
deck,,13,,,,,,,,F,
deck,,4,,,,,,,,G,
deck,,1,,,,,,,,T,
ticket_prefix,,661,,,,,,,,,
ticket_prefix,,60,,,,,,,,,PC
ticket_prefix,,41,,,,,,,,,CA
ticket_prefix,,25,,,,,,,,,A/
ticket_prefix,,18,,,,,,,,,STON/O
ticket_prefix,,15,,,,,,,,,SOTON/OQ
ticket_prefix,,10,,,,,,,,,W/C
ticket_prefix,,7,,,,,,,,,SC/PARIS
ticket_prefix,,5,,,,,,,,,FCC
ticket_prefix,,5,,,,,,,,,C
